{"assets/animation/maintenance.json":["assets/animation/maintenance.json"],"assets/font/OpenSans-Regular.ttf":["assets/font/OpenSans-Regular.ttf"],"assets/images/applogo.png":["assets/images/applogo.png"],"assets/images/doodle.png":["assets/images/doodle.png","assets/images/0.75x/doodle.png","assets/images/1.5x/doodle.png","assets/images/2.0x/doodle.png","assets/images/3.0x/doodle.png","assets/images/4.0x/doodle.png"],"assets/images/homelogo.png":["assets/images/homelogo.png","assets/images/0.75x/homelogo.png","assets/images/1.5x/homelogo.png","assets/images/2.0x/homelogo.png","assets/images/3.0x/homelogo.png","assets/images/4.0x/homelogo.png"],"assets/images/mobilenumber.png":["assets/images/mobilenumber.png","assets/images/0.75x/mobilenumber.png","assets/images/1.5x/mobilenumber.png","assets/images/2.0x/mobilenumber.png","assets/images/3.0x/mobilenumber.png","assets/images/4.0x/mobilenumber.png"],"assets/images/no_internet.png":["assets/images/no_internet.png","assets/images/0.75x/no_internet.png","assets/images/1.5x/no_internet.png","assets/images/2.0x/no_internet.png","assets/images/3.0x/no_internet.png","assets/images/4.0x/no_internet.png"],"assets/images/placeholder.png":["assets/images/placeholder.png","assets/images/0.75x/placeholder.png","assets/images/1.5x/placeholder.png","assets/images/2.0x/placeholder.png","assets/images/3.0x/placeholder.png","assets/images/4.0x/placeholder.png"],"assets/images/splashlogo.png":["assets/images/splashlogo.png","assets/images/0.75x/splashlogo.png","assets/images/1.5x/splashlogo.png","assets/images/2.0x/splashlogo.png","assets/images/3.0x/splashlogo.png","assets/images/4.0x/splashlogo.png"],"assets/images/username.png":["assets/images/username.png","assets/images/0.75x/username.png","assets/images/1.5x/username.png","assets/images/2.0x/username.png","assets/images/3.0x/username.png","assets/images/4.0x/username.png"],"lib/Language/ar.json":["lib/Language/ar.json"],"lib/Language/de.json":["lib/Language/de.json"],"lib/Language/en.json":["lib/Language/en.json"],"lib/Language/es.json":["lib/Language/es.json"],"lib/Language/hi.json":["lib/Language/hi.json"],"lib/Language/ja.json":["lib/Language/ja.json"],"lib/Language/ru.json":["lib/Language/ru.json"],"lib/Language/zh.json":["lib/Language/zh.json"],"packages/cupertino_icons/assets/CupertinoIcons.ttf":["packages/cupertino_icons/assets/CupertinoIcons.ttf"]}